﻿Date,Type,Description,Days
05 Feb 2020,AA,Full accounts made up to 30 April 2019,427
14 Mar 2019,AA,Full accounts made up to 30 April 2018,792
07 Feb 2018,AA,Full accounts made up to 30 April 2017,1157
01 Feb 2017,AA,Full accounts made up to 30 April 2016,1522
14 Nov 2015,AA,Full accounts made up to 30 April 2015,1888
21 Aug 2014,AA,Full accounts made up to 30 April 2014,2253
16 Aug 2013,AA,Full accounts made up to 30 April 2013,2618
24 Aug 2012,AA,Full accounts made up to 30 April 2012,2983
16 Aug 2011,AA,Full accounts made up to 30 April 2011,3349
07 Jul 2009,AA,Full accounts made up to 30 April 2009,4079
27 Feb 2002,AA,Full accounts made up to 30 April 2001,7001
28 Feb 2001,AA,Full accounts made up to 30 April 2000,7366
