﻿Date,Type,Description,Days
04 Aug 2020,AA,Full accounts made up to 31 January 2020,151
23 Aug 2019,AA,Full accounts made up to 30 April 2019,427
28 Aug 2018,AA,Full accounts made up to 30 April 2018,792
27 Oct 2017,AA,Full accounts made up to 30 April 2017,1157
10 Nov 2016,AA,Full accounts made up to 30 April 2016,1522
19 Jan 2016,AA,Full accounts made up to 30 April 2015,1888
18 Sep 2014,AA,Full accounts made up to 31 December 2013,2373
14 Mar 2006,AA,Full accounts made up to 31 August 2005,5417
