﻿Date,Type,Description,Days
10 Oct 2019,AA,Full accounts made up to 31 December 2018,547
03 Oct 2018,AA,Full accounts made up to 31 December 2017,912
09 Aug 2017,AA,Full accounts made up to 31 December 2016,1277
13 Oct 2016,AA,Full accounts made up to 31 December 2015,1643
13 Oct 2015,AA,Full accounts made up to 31 December 2014,2008
08 Oct 2014,AA,Full accounts made up to 31 December 2013,2373
23 Sep 2013,AA,Full accounts made up to 31 December 2012,2738
04 Oct 2012,AA,Full accounts made up to 31 December 2011,3104
23 Sep 2011,AA,Full accounts made up to 31 December 2010,3469
25 Sep 2010,AA,Full accounts made up to 31 December 2009,3834
