﻿Date,Type,Description,Days
26 Feb 1997,AA,Full accounts made up to 30 June 1996,8766
29 Dec 1995,AA,Full accounts made up to 2 July 1995,9130
14 Nov 1994,AA,"Full accounts made up to 3 July 1994
This document is not available online but it may be possible to order a copy from the Contact Centre. Telephone +44(0)303 1234 500.",9494
16 Dec 1993,AA,"Full accounts made up to 27 June 1993
This document is not available online but it may be possible to order a copy from the Contact Centre. Telephone +44(0)303 1234 500.",9865
16 Nov 1992,AA,Full accounts made up to 28 June 1992,10229
11 Nov 1991,AA,Full accounts made up to 30 June 1991,10593
