﻿Date,Type,Description,Days
11 Sep 2019,AA,Full accounts made up to 31 December 2018,547
11 Oct 2018,AA,Full accounts made up to 31 December 2017,912
30 Sep 2017,AA,Full accounts made up to 31 December 2016,1277
15 Jun 2016,AA,Full accounts made up to 31 December 2015,1643
02 Oct 2015,AA,Full accounts made up to 31 December 2014,2008
25 Jun 2014,AA,Full accounts made up to 31 December 2013,2373
03 Jul 2013,AA,Full accounts made up to 31 December 2012,2738
13 Jun 2012,AA,Full accounts made up to 31 December 2011,3104
