﻿Date,Type,Description,Days
14 Oct 2020,AA,Full accounts made up to 31 December 2019,182
19 Sep 2019,AA,Full accounts made up to 31 December 2018,547
13 Sep 2018,AA,Full accounts made up to 31 December 2017,912
17 Jul 2000,AA,Full group accounts made up to 31 December 1999,7487
12 Jul 1999,AA,Full group accounts made up to 31 December 1998,7852
22 May 1998,AA,Full accounts made up to 31 December 1997,8217
02 Apr 1997,AA,Full accounts made up to 31 December 1996,8582
19 Mar 1996,AA,Full accounts made up to 31 December 1995,8948
