﻿Date,Type,Description,Days
05 Nov 2019,AA,Full accounts made up to 31 January 2019,516
24 Jan 2019,AA,Full accounts made up to 31 January 2018,881
03 Aug 2018,AA,Full accounts made up to 31 October 2017,973
06 Jun 2017,AA,Full accounts made up to 31 October 2016,1338
26 May 2016,AA,Full accounts made up to 31 December 2015,1643
23 Jul 2015,AA,Full accounts made up to 31 December 2014,2008
23 Apr 2014,AA,Full accounts made up to 30 September 2013,2465
28 Jan 2013,AA,Full accounts made up to 30 September 2012,2830
