﻿Date,Type,Description,Days
06 Mar 2018,AA,Full accounts made up to 31 May 2017,1126
18 Nov 2016,AA,Full accounts made up to 31 May 2016,1491
07 Jan 2016,AA,Full accounts made up to 31 May 2015,1857
02 Mar 2015,AA,Full accounts made up to 31 May 2014,2222
10 Aug 2011,AA,Full accounts made up to 31 March 2011,3379
30 Jul 2010,AA,Full accounts made up to 31 March 2010,3744
23 Jul 2009,AA,Full accounts made up to 31 March 2009,4109
11 Aug 2008,AA,Full accounts made up to 31 March 2008,4474
03 Aug 2007,AA,Full accounts made up to 31 March 2007,4840
24 Oct 2006,AA,Full accounts made up to 31 March 2006,5205
26 Jul 2005,AA,Full accounts made up to 31 March 2005,5570
16 Aug 2004,AA,Full accounts made up to 31 March 2004,5935
02 Sep 2003,AA,Full accounts made up to 31 March 2003,6301
27 Jul 2002,AA,Full accounts made up to 31 March 2002,6666
24 Aug 2001,AA,Full accounts made up to 31 March 2001,7031
25 Jan 2000,AA,Full accounts made up to 31 March 1999,7762
