﻿Date,Type,Description,Days
27 Aug 2020,AA,Full accounts made up to 25 December 2019,188
14 Jun 2019,AA,Full accounts made up to 26 December 2018,552
03 May 2018,AA,Full accounts made up to 27 December 2017,916
25 May 2017,AA,Full accounts made up to 28 December 2016,1280
27 Jun 2016,AA,Full accounts made up to 30 December 2015,1644
17 Jun 2015,AA,Full accounts made up to 24 December 2014,2015
30 Apr 2014,AA,Full accounts made up to 25 December 2013,2379
08 May 2013,AA,Full accounts made up to 26 December 2012,2743
27 Apr 2012,AA,Full accounts made up to 28 December 2011,3107
06 Jul 2011,AA,Full accounts made up to 29 December 2010,3471
27 May 2010,AA,Full accounts made up to 30 December 2009,3835
13 Apr 2009,AA,Full accounts made up to 24 December 2008,4206
12 May 2008,AA,Full accounts made up to 26 December 2007,4570
23 Sep 2007,AA,Full accounts made up to 31 December 2006,4930
15 Mar 2007,AA,Full accounts made up to 30 September 2005,5387
03 Feb 2006,AA,Full accounts made up to 30 September 2004,5752
04 Aug 2004,AA,Full accounts made up to 30 September 2003,6118
19 Oct 2003,AA,Full accounts made up to 30 September 2002,6483
26 Oct 2002,AA,Full accounts made up to 30 September 2001,6848
31 Jul 2001,AA,Full accounts made up to 29 September 2000,7214
18 Feb 2000,AA,Full accounts made up to 25 September 1999,7584
25 Feb 1999,AA,Full accounts made up to 25 September 1998,7949
02 Jul 1998,AA,Full accounts made up to 24 September 1997,8315
