﻿Date,Type,Description,Days
10 Jun 2020,AA,Full accounts made up to 31 December 2019,182
28 Mar 2019,AA,Full accounts made up to 31 December 2018,547
05 Apr 2018,AA,Full accounts made up to 31 December 2017,912
21 Mar 2017,AA,Full accounts made up to 31 December 2016,1277
24 Mar 2016,AA,Full accounts made up to 31 December 2015,1643
10 Aug 2015,AA,Full accounts made up to 31 December 2014,2008
20 Jun 2014,AA,Full accounts made up to 31 December 2013,2373
14 Jun 2013,AA,Full accounts made up to 31 December 2012,2738
21 Sep 2012,AA,Full accounts made up to 31 December 2011,3104
16 Aug 2011,AA,Full accounts made up to 31 December 2010,3469
