﻿Date,Type,Description,Days
05 Aug 2019,AA,Full accounts made up to 31 March 2019,457
22 Oct 2018,AA,Full accounts made up to 31 March 2018,822
07 Aug 2017,AA,Full accounts made up to 31 March 2017,1187
17 Dec 2016,AA,Full accounts made up to 31 March 2016,1552
31 Dec 2015,AA,Full accounts made up to 31 March 2015,1918
07 Jan 2015,AA,Full accounts made up to 31 March 2014,2283
02 Jan 2014,AA,Full accounts made up to 31 March 2013,2648
25 Jan 2013,AA,Full accounts made up to 31 March 2012,3013
08 Jan 2012,AA,Full accounts made up to 31 March 2011,3379
27 Jan 2011,AA,Full accounts made up to 31 March 2010,3744
13 Aug 2009,AA,Full accounts made up to 31 March 2009,4109
20 Mar 2007,AA,Full accounts made up to 30 September 2006,5022
25 Oct 2005,AA,Full accounts made up to 31 March 2005,5570
29 Dec 2004,AA,Full accounts made up to 31 March 2004,5935
29 Apr 2004,AA,Full accounts made up to 31 March 2003,6301
09 Jul 2003,AA,Full accounts made up to 31 March 2002,6666
19 Mar 2002,AA,Full accounts made up to 31 March 2001,7031
05 Feb 2001,AA,Full accounts made up to 31 March 2000,7396
13 Dec 1999,AA,Full accounts made up to 31 March 1999,7762
