﻿Date,Type,Description,Days
17 Sep 2020,AA,Full accounts made up to 31 December 2019,182
13 Aug 2019,AA,Full accounts made up to 31 December 2018,547
14 Jun 2018,AA,Full accounts made up to 31 December 2017,912
18 Jul 2017,AA,Full accounts made up to 31 December 2016,1277
26 Apr 2016,AA,Full accounts made up to 31 December 2015,1643
09 Oct 2015,AA,Full accounts made up to 31 December 2014,2008
03 Oct 2014,AA,Full accounts made up to 31 December 2013,2373
08 Oct 2013,AA,Full accounts made up to 31 December 2012,2738
01 Nov 2012,AA,Full accounts made up to 31 December 2011,3104
04 Oct 2011,AA,Full accounts made up to 31 December 2010,3469
12 Jan 2011,AA,Full accounts made up to 31 December 2009,3834
14 Jan 2010,AA,Full accounts made up to 31 December 2008,4199
