﻿Date,Type,Description,Days
07 Oct 2019,AA,Full accounts made up to 31 December 2018,547
05 Nov 2018,AA,Full accounts made up to 31 December 2017,912
26 Sep 2017,AA,Full accounts made up to 31 December 2016,1277
29 Dec 2016,AA,Full accounts made up to 31 December 2015,1643
30 Sep 2015,AA,Full accounts made up to 31 December 2014,2008
17 Jul 2014,AA,Full accounts made up to 31 December 2013,2373
12 Aug 2013,AA,Full accounts made up to 31 December 2012,2738
01 Oct 2012,AA,Full accounts made up to 31 December 2011,3104
